Radiance	mentions	ANNALISE
Blood_Rapture	mentions	QUEEN
Corruption	mentions	QUEEN
Radiance	mentions	QUEEN
Corruption	mentions	VILEBLOODS
Radiance	mentions	VILEBLOODS
Clawmark	mentions	NIGHT
Clear_Deep_Sea	mentions	NIGHT
Clockwise_Metamorphosis	mentions	NIGHT
Eye	mentions	NIGHT
Fading_Lake	mentions	NIGHT
Great_Deep_Sea	mentions	NIGHT
Moon	mentions	NIGHT
Stunning_Deep_Sea	mentions	NIGHT
Anti-Clockwise_Metamorphosis	mentions	BLOOD
Arcane_Lake	mentions	BLOOD
Beast	mentions	BLOOD
Beast's_Embrace	mentions	BLOOD
Blood_Rapture	mentions	BLOOD
Clawmark	mentions	BLOOD
Clockwise_Metamorphosis	mentions	BLOOD
Communion	mentions	BLOOD
Corruption	mentions	BLOOD
Eye	mentions	BLOOD
Formless_Oedon	mentions	BLOOD
Heir	mentions	BLOOD
Hunter	mentions	BLOOD
Moon	mentions	BLOOD
Oedon_Writhe	mentions	BLOOD
Radiance	mentions	BLOOD
Communion	mentions	MINISTER
Beast	mentions	IOSEFKA
Communion	mentions	IOSEFKA
Formless_Oedon	mentions	IOSEFKA
Oedon_Writhe	mentions	IOSEFKA
Blood_Rapture	mentions	EILEEN
Heir	mentions	EILEEN
Hunter	mentions	EILEEN
Blood_Rapture	mentions	CROW
Corruption	mentions	CROW
Guidance	mentions	CROW
Heir	mentions	CROW
Hunter	mentions	CROW
Moon	mentions	CROW
Clawmark	mentions	GILBERT
Arcane_Lake	mentions	OLD
Corruption	mentions	OLD
Guidance	mentions	OLD
Hunter	mentions	OLD
Radiance	mentions	OLD
Eye	mentions	WILLEM
Fading_Lake	mentions	NARROW
Moon	mentions	NARROW
Arcane_Lake	mentions	MAN
Beast's_Embrace	mentions	MAN
Blood_Rapture	mentions	MAN
Clawmark	mentions	MAN
Clear_Deep_Sea	mentions	MAN
Clockwise_Metamorphosis	mentions	MAN
Deep_Sea	mentions	MAN
Dissipating_Lake	mentions	MAN
Eye	mentions	MAN
Fading_Lake	mentions	MAN
Formless_Oedon	mentions	MAN
Great_Deep_Sea	mentions	MAN
Great_Lake	mentions	MAN
Guidance	mentions	MAN
Heir	mentions	MAN
Hunter	mentions	MAN
Impurity	mentions	MAN
Lake	mentions	MAN
Milkweed	mentions	MAN
Oedon_Writhe	mentions	MAN
Radiance	mentions	MAN
Stunning_Deep_Sea	mentions	MAN
Beast	mentions	CHAPEL
Formless_Oedon	mentions	CHAPEL
Oedon_Writhe	mentions	CHAPEL
Beast's_Embrace	mentions	HUNTER
Blood_Rapture	mentions	HUNTER
Clawmark	mentions	HUNTER
Corruption	mentions	HUNTER
Guidance	mentions	HUNTER
Heir	mentions	HUNTER
Hunter	mentions	HUNTER
Impurity	mentions	HUNTER
Moon	mentions	HUNTER
Oedon_Writhe	mentions	HUNTER
Radiance	mentions	HUNTER
Anti-Clockwise_Metamorphosis	mentions	PATCHES
Clear_Deep_Sea	mentions	PATCHES
Anti-Clockwise_Metamorphosis	mentions	SPIDER
Clawmark	mentions	SPIDER
Clockwise_Metamorphosis	mentions	SPIDER
Moon	mentions	SPIDER
Corruption	mentions	DJURA
Oedon_Writhe	mentions	ADELLA
Oedon_Writhe	mentions	NUN
Beast	mentions	HEALING
Beast's_Embrace	mentions	HEALING
Communion	mentions	HEALING
Corruption	mentions	HEALING
Radiance	mentions	HEALING
Beast	mentions	CHURCH
Beast's_Embrace	mentions	CHURCH
Communion	mentions	CHURCH
Corruption	mentions	CHURCH
Beast's_Embrace	mentions	AFFLICTED
Beast	mentions	BEGGAR
Beast's_Embrace	mentions	BEGGAR
Radiance	mentions	ALFRED
Impurity	mentions	VALTR
Formless_Oedon	mentions	YOUNG
Formless_Oedon	mentions	GIRL
Beast	mentions	STARVED
Communion	mentions	STARVED
Beast	mentions	BEAST
Beast's_Embrace	mentions	BEAST
Clawmark	mentions	BEAST
Communion	mentions	BEAST
Heir	mentions	BEAST
Hunter	mentions	BEAST
Impurity	mentions	BEAST
Milkweed	mentions	BEAST
Beast's_Embrace	mentions	CLERIC
Eye	mentions	FAR
Anti-Clockwise_Metamorphosis	mentions	FIRST
Arcane_Lake	mentions	FIRST
Beast	mentions	FIRST
Beast's_Embrace	mentions	FIRST
Clear_Deep_Sea	mentions	FIRST
Dissipating_Lake	mentions	FIRST
Eye	mentions	FIRST
Formless_Oedon	mentions	FIRST
Great_Deep_Sea	mentions	FIRST
Heir	mentions	FIRST
Impurity	mentions	FIRST
Lake	mentions	FIRST
Moon	mentions	FIRST
Radiance	mentions	FIRST
Stunning_Deep_Sea	mentions	FIRST
Moon	mentions	MICOLASH
Corruption	mentions	HOST
Radiance	mentions	HOST
Clawmark	mentions	NIGHTMARE
Clear_Deep_Sea	mentions	NIGHTMARE
Clockwise_Metamorphosis	mentions	NIGHTMARE
Eye	mentions	NIGHTMARE
Fading_Lake	mentions	NIGHTMARE
Great_Deep_Sea	mentions	NIGHTMARE
Moon	mentions	NIGHTMARE
Stunning_Deep_Sea	mentions	NIGHTMARE
Corruption	mentions	MARTYR
Corruption	mentions	LOGARIUS
Radiance	mentions	LOGARIUS
Arcane_Lake	mentions	ONE
Beast	mentions	ONE
Beast's_Embrace	mentions	ONE
Blood_Rapture	mentions	ONE
Clawmark	mentions	ONE
Clear_Deep_Sea	mentions	ONE
Clockwise_Metamorphosis	mentions	ONE
Communion	mentions	ONE
Corruption	mentions	ONE
Deep_Sea	mentions	ONE
Dissipating_Lake	mentions	ONE
Eye	mentions	ONE
Fading_Lake	mentions	ONE
Formless_Oedon	mentions	ONE
Great_Deep_Sea	mentions	ONE
Great_Lake	mentions	ONE
Guidance	mentions	ONE
Heir	mentions	ONE
Hunter	mentions	ONE
Lake	mentions	ONE
Milkweed	mentions	ONE
Moon	mentions	ONE
Oedon_Writhe	mentions	ONE
Radiance	mentions	ONE
Stunning_Deep_Sea	mentions	ONE
Blood_Rapture	mentions	SHADOW
Beast's_Embrace	mentions	YHARNAM
Blood_Rapture	mentions	YHARNAM
Corruption	mentions	YHARNAM
Eye	mentions	YHARNAM
Formless_Oedon	mentions	YHARNAM
Radiance	mentions	YHARNAM
Beast's_Embrace	mentions	VICAR
Lake	mentions	HEMWICK
Anti-Clockwise_Metamorphosis	mentions	CELESTIAL
Beast	mentions	CELESTIAL
Communion	mentions	CELESTIAL
Formless_Oedon	mentions	CELESTIAL
Milkweed	mentions	CELESTIAL
Communion	mentions	EMISSARY
Guidance	mentions	EBRIETAS
Eye	mentions	MERGO
Moon	mentions	MERGO
Guidance	mentions	MOON
Heir	mentions	MOON
Hunter	mentions	MOON
Moon	mentions	MOON
Oedon_Writhe	mentions	MOON
Hunter	mentions	PRESENCE
Anti-Clockwise_Metamorphosis	mentions	ROM
Beast	mentions	ROM
Clawmark	mentions	ROM
Communion	mentions	ROM
Corruption	mentions	ROM
Eye	mentions	ROM
Great_Lake	mentions	ROM
Heir	mentions	ROM
Impurity	mentions	ROM
Lake	mentions	ROM
Milkweed	mentions	ROM
Moon	mentions	ROM
Oedon_Writhe	mentions	ROM
Radiance	mentions	ROM
Clawmark	mentions	VACUOUS
Deep_Sea	mentions	UNDEAD
Radiance	mentions	UNDEAD
Clear_Deep_Sea	mentions	GIANT
Clockwise_Metamorphosis	mentions	GIANT
Deep_Sea	mentions	GIANT
Moon	mentions	GIANT
Communion	mentions	MERCILESS
Communion	mentions	WATCHER
Beast	mentions	POSSESSED
Beast	mentions	SOUL
Eye	mentions	PTHUMERIAN
Lake	mentions	PTHUMERIAN
Arcane_Lake	mentions	BRAINSUCKER
Clockwise_Metamorphosis	mentions	MADMAN
Milkweed	mentions	MADMAN
Eye	mentions	ELDER
Beast	mentions	ABHORRENT
Beast's_Embrace	mentions	ABHORRENT
Anti-Clockwise_Metamorphosis	mentions	LORAN
Beast	mentions	LORAN
Clawmark	mentions	LORAN
Clear_Deep_Sea	mentions	LORAN
Dissipating_Lake	mentions	LORAN
Fading_Lake	mentions	LORAN
Stunning_Deep_Sea	mentions	LORAN
Arcane_Lake	mentions	LUDWIG
Guidance	mentions	LUDWIG
Arcane_Lake	mentions	HOLY
Guidance	mentions	HOLY
Arcane_Lake	mentions	BLADE
Guidance	mentions	BLADE
Milkweed	mentions	KOS
Moon	mentions	LIVING
Beast's_Embrace	mentions	LAURENCE
Formless_Oedon	mentions	CANNON
Oedon_Writhe	mentions	CANNON
Oedon_Writhe	mentions	GUN
Beast	mentions	WOODEN
Anti-Clockwise_Metamorphosis	mentions	ANTI
Anti-Clockwise_Metamorphosis	mentions	CLOCKWISE
Clockwise_Metamorphosis	mentions	CLOCKWISE
Oedon_Writhe	mentions	CLOCKWISE
Anti-Clockwise_Metamorphosis	mentions	METAMORPHOSIS
Clockwise_Metamorphosis	mentions	METAMORPHOSIS
Oedon_Writhe	mentions	METAMORPHOSIS
Arcane_Lake	mentions	ARCANE
Deep_Sea	mentions	ARCANE
Oedon_Writhe	mentions	ARCANE
Arcane_Lake	mentions	LAKE
Deep_Sea	mentions	LAKE
Dissipating_Lake	mentions	LAKE
Fading_Lake	mentions	LAKE
Great_Lake	mentions	LAKE
Lake	mentions	LAKE
Beast's_Embrace	mentions	EMBRACE
Milkweed	mentions	EMBRACE
Blood_Rapture	mentions	RAPTURE
Oedon_Writhe	mentions	RAPTURE
Clawmark	mentions	CLAWMARK
Beast's_Embrace	mentions	CLEAR
Clear_Deep_Sea	mentions	CLEAR
Arcane_Lake	mentions	DEEP
Clawmark	mentions	DEEP
Clear_Deep_Sea	mentions	DEEP
Deep_Sea	mentions	DEEP
Great_Deep_Sea	mentions	DEEP
Stunning_Deep_Sea	mentions	DEEP
Arcane_Lake	mentions	SEA
Clear_Deep_Sea	mentions	SEA
Deep_Sea	mentions	SEA
Eye	mentions	SEA
Fading_Lake	mentions	SEA
Formless_Oedon	mentions	SEA
Great_Deep_Sea	mentions	SEA
Guidance	mentions	SEA
Heir	mentions	SEA
Milkweed	mentions	SEA
Oedon_Writhe	mentions	SEA
Stunning_Deep_Sea	mentions	SEA
Communion	mentions	COMMUNION
Formless_Oedon	mentions	COMMUNION
Lake	mentions	COMMUNION
Corruption	mentions	CORRUPTION
Radiance	mentions	CORRUPTION
Dissipating_Lake	mentions	DISSIPATING
Corruption	mentions	EYE
Eye	mentions	EYE
Guidance	mentions	EYE
Milkweed	mentions	EYE
Moon	mentions	EYE
Dissipating_Lake	mentions	FADING
Fading_Lake	mentions	FADING
Communion	mentions	FORMLESS
Formless_Oedon	mentions	FORMLESS
Oedon_Writhe	mentions	FORMLESS
Beast	mentions	OEDON
Blood_Rapture	mentions	OEDON
Communion	mentions	OEDON
Formless_Oedon	mentions	OEDON
Heir	mentions	OEDON
Oedon_Writhe	mentions	OEDON
Arcane_Lake	mentions	GREAT
Clear_Deep_Sea	mentions	GREAT
Deep_Sea	mentions	GREAT
Dissipating_Lake	mentions	GREAT
Eye	mentions	GREAT
Fading_Lake	mentions	GREAT
Formless_Oedon	mentions	GREAT
Great_Deep_Sea	mentions	GREAT
Great_Lake	mentions	GREAT
Lake	mentions	GREAT
Moon	mentions	GREAT
Oedon_Writhe	mentions	GREAT
Stunning_Deep_Sea	mentions	GREAT
Eye	mentions	GUIDANCE
Guidance	mentions	GUIDANCE
Anti-Clockwise_Metamorphosis	mentions	HEIR
Blood_Rapture	mentions	HEIR
Clockwise_Metamorphosis	mentions	HEIR
Corruption	mentions	HEIR
Eye	mentions	HEIR
Heir	mentions	HEIR
Oedon_Writhe	mentions	HEIR
Impurity	mentions	IMPURITY
Milkweed	mentions	MILKWEED
Blood_Rapture	mentions	WRI
Impurity	mentions	WRI
Oedon_Writhe	mentions	WRI
Corruption	mentions	RADIANCE
Radiance	mentions	RADIANCE
Stunning_Deep_Sea	mentions	STUNNING
Moon	mentions	BLACK
Anti-Clockwise_Metamorphosis	mentions	HAT
Arcane_Lake	mentions	HAT
Beast	mentions	HAT
Beast's_Embrace	mentions	HAT
Blood_Rapture	mentions	HAT
Clawmark	mentions	HAT
Clear_Deep_Sea	mentions	HAT
Clockwise_Metamorphosis	mentions	HAT
Corruption	mentions	HAT
Deep_Sea	mentions	HAT
Dissipating_Lake	mentions	HAT
Fading_Lake	mentions	HAT
Great_Deep_Sea	mentions	HAT
Great_Lake	mentions	HAT
Guidance	mentions	HAT
Heir	mentions	HAT
Hunter	mentions	HAT
Impurity	mentions	HAT
Lake	mentions	HAT
Milkweed	mentions	HAT
Moon	mentions	HAT
Oedon_Writhe	mentions	HAT
Radiance	mentions	HAT
Stunning_Deep_Sea	mentions	HAT
Beast	mentions	HOOD
Beast's_Embrace	mentions	HOOD
Lake	mentions	IRON
Guidance	mentions	CAP
Oedon_Writhe	mentions	CAP
Moon	mentions	ASH
Corruption	mentions	CROWN
Corruption	mentions	ILLUSIONS
Guidance	mentions	ENLARGED
Clear_Deep_Sea	mentions	HEAD
Guidance	mentions	HEAD
Heir	mentions	HENRYK
Arcane_Lake	mentions	YAHAR'GUL
Clawmark	mentions	YAHAR'GUL
Heir	mentions	YAHAR'GUL
Arcane_Lake	mentions	WIG
Guidance	mentions	WIG
Eye	mentions	MASTER
Eye	mentions	MENSIS
Moon	mentions	MENSIS
Moon	mentions	CAGE
Clear_Deep_Sea	mentions	TOMB
Deep_Sea	mentions	TOMB
Great_Deep_Sea	mentions	TOMB
Great_Lake	mentions	TOMB
Heir	mentions	TOMB
Stunning_Deep_Sea	mentions	TOMB
Beast	mentions	TOP
Clear_Deep_Sea	mentions	TOP
Great_Lake	mentions	TOP
Guidance	mentions	TOP
Moon	mentions	ARMOR
Corruption	mentions	CAINHURST
Guidance	mentions	CLOS
Corruption	mentions	EXECUTIONER
Radiance	mentions	EXECUTIONER
Beast	mentions	LONG
Beast's_Embrace	mentions	LONG
Clockwise_Metamorphosis	mentions	LONG
Eye	mentions	LONG
Formless_Oedon	mentions	LONG
Guidance	mentions	LONG
Moon	mentions	LONG
Blood_Rapture	mentions	ARM
Clawmark	mentions	ARM
Eye	mentions	ARM
Heir	mentions	ARM
Moon	mentions	ARM
Oedon_Writhe	mentions	ARM
